,fit_time,score_time,test_accuracy,test_precision,test_recall,test_f1
0,0.08071041107177734,0.008091926574707031,0.7988826815642458,0.8,0.6376811594202898,0.7096774193548386
1,0.08106160163879395,0.007813215255737305,0.7921348314606742,0.7818181818181819,0.6323529411764706,0.6991869918699187
2,0.08094072341918945,0.007724761962890625,0.8033707865168539,0.7894736842105263,0.6617647058823529,0.72
3,0.08088111877441406,0.007645606994628906,0.7865168539325843,0.8125,0.5735294117647058,0.6724137931034482
4,0.08141398429870605,0.00760340690612793,0.8146067415730337,0.8214285714285714,0.6666666666666666,0.7359999999999999
mean,0.08100156784057617,0.007775783538818359,0.7991023790094783,0.801044087491456,0.6343989769820971,0.7074556408656412
std,0.0002629988959270707,0.00019404277230636267,0.010788825103140446,0.016212378885567105,0.03711519186819497,0.023839983929007012
